{"bar_gdp": [3.1696298036175694, 2.3653091325703604], "bar_inflation": [9.738035678853393, 5.750910182010203]}