{
    "gdp_apartheid": [
        3.844734141740886,
        6.177930850427458,
        7.373709248772229,
        7.939608644806768,
        6.122798096014421,
        4.438386089468892,
        7.196523065141065,
        4.153372982933462,
        4.715902867222411,
        5.248661431182924,
        4.278934402969824,
        1.654829708846989,
        4.571944746372708,
        6.111122103721883,
        1.695433779310989,
        2.249860329193339,
        -0.0939791161255811,
        3.014479779129232,
        3.790519264057821,
        6.62058342724157,
        5.360791059640448,
        -0.3834191083754348,
        -1.846557745950633,
        5.099151630014774,
        -1.211540882403867,
        0.0178492401652192,
        2.100729020536747,
        4.200109648381869,
        2.394795115384056,
        -0.3177604265403744,
        -1.018244967544504,
        -2.137032845005209,
        1.233557938647408
    ],
    "gdp_post": [
        3.20000000297172,
        3.100000000544114,
        4.299999997267918,
        2.600000001463471,
        0.50000000034143,
        2.399999997463382,
        4.200000000678259,
        2.700000000191039,
        3.700374404066679,
        2.94907546754213,
        4.554559907217737,
        5.277051972954666,
        5.603806458958886,
        5.360474053941616,
        3.191043886328799,
        -1.538089135255831,
        3.039732881279562,
        3.168556278588184,
        2.396232384657452,
        2.485468008265883,
        1.413826452237927,
        1.321862236782295,
        0.6645523078581164,
        1.157946951817351,
        1.556783847216764,
        0.2599355768763303,
        -6.1689177146757,
        4.955032594407555,
        1.911479960335043,
        0.6984851947880344
    ],
    "infl_apartheid": [
        2.10237396324092,
        1.24628537807022,
        1.33796971443194,
        2.534972840902,
        4.0690287353295,
        3.48923368982031,
        3.53899153280631,
        1.98613552880718,
        3.23822451961743,
        4.99187711721285,
        5.95739773780432,
        6.42570844638613,
        9.43398734926114,
        11.7241259217023,
        13.4259418678705,
        11.0203906361099,
        11.1519640869288,
        11.1356076531848,
        13.2936586533206,
        13.6602406858852,
        15.2542442656565,
        14.6390324191597,
        12.3032071438236,
        11.5264813036767,
        16.2942269399101,
        18.6549189263064,
        16.1605814426616,
        12.7795448229905,
        14.730918284745,
        14.320955727722,
        15.334802353322,
        13.8746803836056,
        9.71746732988991
    ],
    "infl_post": [
        8.93852493545717,
        8.68044422624465,
        7.35411338706952,
        8.59778263173693,
        6.88054637817278,
        5.18149279747878,
        5.33895102929212,
        5.70190018305717,
        9.4947107032486,
        5.67941771099112,
        -0.692030271024132,
        2.06284616504634,
        3.24390776468065,
        6.17780683499409,
        10.0745755249182,
        7.21531413612566,
        4.08972989470464,
        4.9992669696526,
        5.72465791678297,
        5.78446909667201,
        6.12983770287141,
        4.54064227737906,
        6.57139642173964,
        5.18424664766128,
        4.51716522786592,
        4.12024587014984,
        3.21003597454107,
        4.61167217803206,
        7.03972661255866,
        6.0739085322053
    ],
    "labels": [
        "GDP Pre-Apartheid",
        "GDP Post-Apartheid",
        "Inflation Pre-Apartheid",
        "Inflation Post-Apartheid"
    ],
    "colors": [
        "#66b3ff",
        "#ff9999",
        "#99ff99",
        "#ffcc99"
    ]
}