{"years": [1962, 1963, 1964, 1965, 1966, 1967, 1968, 1969, 1970, 1971, 1972, 1973, 1974, 1975, 1976, 1977, 1978, 1979, 1980, 1981, 1982, 1983, 1984, 1985, 1986, 1987, 1988, 1989, 1990, 1991, 1992, 1993, 1994, 1995, 1996, 1997, 1998, 1999, 2000, 2001, 2002, 2003, 2004, 2005, 2006, 2007, 2008, 2009, 2010, 2011, 2012, 2013, 2014, 2015, 2016, 2017, 2018, 2019, 2020, 2021, 2022, 2023], "gdp": [2.333196708686572, 1.1957783983447712, 0.5658993960345384, -1.816810548792347, -1.6844120065455286, 2.7581369756721728, -3.043150082207603, 0.5625298842889492, 0.5327585639605132, -0.9697270282131001, -2.624104694122835, 2.917115037525719, 1.5391773573491747, -4.415688324410894, 0.5544265498823497, -2.34383944531892, 3.108458895254813, 0.7760394849285892, 2.830064163183749, -1.259792367601122, -5.744210168015883, -1.4631386375751982, 6.945709375965407, -6.31069251241864, 1.2293901225690862, 2.0828797803715275, 2.0993806278451226, -1.8053145329978135, -2.7125555419244303, -0.7004845410041296, -1.118787877460705, 3.370590783652617, 1.966442064324312, -0.10000000242760576, 1.1999999967238035, -1.6999999958044465, -2.100000001122041, 1.899999997121952, 1.8000000032148775, -1.5000000004872205, 1.00037440387564, -0.7512989365245488, 1.6054844396756067, 0.7224920657369296, 0.3267544860042193, -0.24333240501727005, -2.1694301676128167, -4.72913302158463, 4.577822016535393, 0.1288233973086217, -0.7723238939307318, 0.08923562360843107, -1.0716415560279562, -0.09196421545563194, -0.6573099289241786, 0.4933946439592347, 0.398836895399413, -1.2968482703404338, -6.428853291552031, 11.123950309083256, -3.0435526340725123, -1.2129947655470086], "inflation": [-0.8560885851706999, 0.09168433636171991, 1.1970031264700598, 1.5340558944275, -0.57979504550919, 0.04975784298600017, -1.55285600399913, 1.2520889908102502, 1.7536525975954196, 0.9655206205914704, 0.4683107085818099, 3.008278902875009, 2.29013857244116, 1.7018159461682014, -2.405551231760601, 0.13157345081889993, -0.016356433743998977, 2.1580510001357993, 0.3665820325645992, 1.5940035797713001, -0.6152118464968002, -2.3358252753360986, -0.7767258401469004, 4.7677456362334, 2.3606919863963007, -2.4943374836448022, -3.3810366196710984, 1.9513734617544998, -0.40996255702300033, 1.0138466256000012, -1.4601219697164005, -4.15721305371569, -0.7789423944327396, -0.25808070921252124, -1.326330839175129, 1.2436692446674096, -1.7172362535641499, -1.6990535806939997, 0.1574582318133393, 0.36294915376505, 3.7928105201914306, -3.81529299225748, -6.371447982015252, 2.754876436070472, 1.18106159963431, 2.93389907031344, 3.8967686899241105, -2.8592613887925404, -3.12558424142102, 0.9095370749479601, 0.7253909471303697, 0.0598111798890395, 0.3453686061994006, -1.58919542549235, 2.0307541443605794, -1.3871497740783596, -0.6670814197953598, -0.39691935771608033, -0.9102098956087699, 1.4016362034909897, 2.4280544345266, -0.96581808035336]}